ip,大洲,国家,城市,城市编码,经度,纬度,所有者,运营商,请求时间,请求方法,请求行,请求的资源路径,HTTP协议版本,状态码,响应大小,引用页,用户代理信息
77.222.62.198,欧洲,俄罗斯,圣彼得堡,RU,,,SpaceWeb Ltd,SpaceWeb Ltd,21/Mar/2024:16:20:26 +0800,POST,POST /xmlrpc.php HTTP/1.1,/xmlrpc.php,HTTP/1.1,200,414,-,Mozilla/5.0 (Windows NT 10.0; WOW64; rv:50.0) Gecko/20100101 Firefox/50.0
139.59.97.220,亚洲,新加坡,新加坡,SG,,,"DigitalOcean, LLC","DigitalOcean, LLC",21/Mar/2024:16:20:30 +0800,POST,POST /xmlrpc.php HTTP/1.1,/xmlrpc.php,HTTP/1.1,200,414,-,"Mozilla/5.0 (Windows NT 10.0; Win64; x64) AppleWebKit/537.36 (KHTML, like Gecko) Chrome/86.0.4240.198 Safari/537.36"
139.162.124.132,亚洲,日本,东京,JP,,,"Linode, LLC",阿卡迈,21/Mar/2024:16:20:44 +0800,POST,POST /xmlrpc.php HTTP/1.1,/xmlrpc.php,HTTP/1.1,200,414,-,Mozilla/5.0 (Windows NT 5.1; rv:40.0) Gecko/20100101 Firefox/40.0
78.131.12.248,欧洲,匈牙利,布达佩斯,HU,,,Kobanya Docsis,DIGI Tavkozlesi es Szolgaltato Kft.,21/Mar/2024:16:20:46 +0800,POST,POST /xmlrpc.php HTTP/1.1,/xmlrpc.php,HTTP/1.1,200,414,-,Mozilla/5.0 (Windows NT 6.0; rv:34.0) Gecko/20100101 Firefox/34.0
35.228.178.136,欧洲,芬兰,赫尔辛基,FI,,,谷歌公司,谷歌公司,21/Mar/2024:16:21:01 +0800,POST,POST /xmlrpc.php HTTP/1.1,/xmlrpc.php,HTTP/1.1,200,414,-,Mozilla/5.0 (Windows NT 5.1; rv:36.0) Gecko/20100101 Firefox/36.0
35.219.66.183,亚洲,印度尼西亚,雅加达,ID,,,Google Asia Pacific Pte. Ltd. (GAPPL),谷歌公司,21/Mar/2024:16:21:32 +0800,POST,POST /archives/data***/2023/07/ HTTP/1.1,/archives/data***/2023/07/,HTTP/1.1,200,3220,-,"Mozilla/5.0 (Windows NT 6.3; Win64; x64) AppleWebKit/537.36 (KHTML, like Gecko) Chrome/62.0.3202.94 Safari/537.36"
164.92.118.22,北美洲,美国,旧金山,US,,,"DigitalOcean, LLC","DigitalOcean, LLC",21/Mar/2024:16:24:07 +0800,POST,POST /archives/data***/2023/07/ HTTP/1.1,/archives/data***/2023/07/,HTTP/1.1,200,3211,-,"Mozilla/5.0 (Windows NT 10.0; Win64; x64) AppleWebKit/537.36 (KHTML, like Gecko) Chrome/73.0.3683.86 Safari/537.36"
39.105.205.117,亚洲,中国,北京市,CN,,,阿里云,阿里云,21/Mar/2024:16:24:33 +0800,POST,POST /archives/data***/2023/07/ HTTP/1.1,/archives/data***/2023/07/,HTTP/1.1,200,3220,-,"Mozilla/5.0 (Windows NT 10.0; Win64; x64) AppleWebKit/537.36 (KHTML, like Gecko) Chrome/64.0.3282.140 Safari/537.36"
213.199.49.228,北美洲,加拿大,蒙特利尔,CA,,,Contabo GmbH,Contabo GmbH,21/Mar/2024:16:26:08 +0800,POST,POST /archives/data***/2023/07/ HTTP/1.1,/archives/data***/2023/07/,HTTP/1.1,200,3211,-,"Mozilla/5.0 (Windows NT 6.1) AppleWebKit/537.36 (KHTML, like Gecko) Chrome/62.0.3202.94 Safari/537.36"
139.196.46.20,亚洲,中国,上海市,CN,,,阿里云,阿里云,21/Mar/2024:16:30:26 +0800,POST,POST /archives/data***/2023/07/ HTTP/1.1,/archives/data***/2023/07/,HTTP/1.1,200,3220,-,"Mozilla/5.0 (Windows NT 6.1; WOW64) AppleWebKit/537.36 (KHTML, like Gecko) Chrome/36.0.1985.125 Safari/537.36"
87.249.43.21,欧洲,俄罗斯,圣彼得堡,RU,,,,TimeWeb Ltd.,21/Mar/2024:16:31:36 +0800,POST,POST /archives/data***/2023/07/ HTTP/1.1,/archives/data***/2023/07/,HTTP/1.1,200,3220,-,"Mozilla/5.0 (Windows NT 6.1; WOW64) AppleWebKit/537.36 (KHTML, like Gecko) Chrome/48.0.2564.116 Safari/537.36"
212.31.104.135,欧洲,塞浦路斯,尼科西亚,CY,,,PROVIDER Local Registry,Cyprus Telecommunications Authority,21/Mar/2024:16:33:56 +0800,POST,POST /archives/data***/2023/07/ HTTP/1.1,/archives/data***/2023/07/,HTTP/1.1,200,3220,-,"Mozilla/5.0 (Windows NT 10.0; Win64; x64) AppleWebKit/537.36 (KHTML, like Gecko) Chrome/66.0.3359.117 Safari/537.36"
223.93.149.155,亚洲,中国,杭州市,CN,,,中国移动,中国移动,21/Mar/2024:16:34:36 +0800,GET,GET /archives/date/2024/03/ HTTP/1.1,/archives/date/2024/03/,HTTP/1.1,200,23588,https://zzhanzhang.top/archives/date/2024/03/,"Mozilla/5.0 (Macintosh; Intel Mac OS X 10_15_7) AppleWebKit/537.36 (KHTML, like Gecko) Chrome/114.0.0.0 Safari/537.36"
164.132.170.4,欧洲,法国,巴黎,FR,,,OVH SAS,OVH SAS,21/Mar/2024:16:35:03 +0800,POST,POST /archives/data***/2023/07/ HTTP/1.1,/archives/data***/2023/07/,HTTP/1.1,200,3211,-,"Mozilla/5.0 (Windows NT 6.3; Win64; x64) AppleWebKit/537.36 (KHTML, like Gecko) Chrome/79.0.3945.130 Safari/537.36"
45.33.44.209,北美洲,美国,弗里蒙特,US,,,Linode,阿卡迈,21/Mar/2024:16:35:45 +0800,POST,POST /archives/data***/2023/07/ HTTP/1.1,/archives/data***/2023/07/,HTTP/1.1,200,3220,-,"Mozilla/5.0 (Windows NT 6.1; Win64; x64) AppleWebKit/537.36 (KHTML, like Gecko) Chrome/55.0.2883.87 Safari/537.36"
114.119.133.108,亚洲,新加坡,新加坡,SG,,,华为,华为,21/Mar/2024:16:37:07 +0800,GET,GET /archives/385/59/ HTTP/1.1,/archives/385/59/,HTTP/1.1,200,23193,https://www.acgcy.asia/,"Mozilla/5.0 (Linux; Android 7.0;) AppleWebKit/537.36 (KHTML, like Gecko) Mobile Safari/537.36 (compatible; PetalBot;+https://webmaster.petalsearch.com/site/petalbot)"
66.249.66.169,北美洲,美国,阿什本,US,,,谷歌公司,谷歌公司,21/Mar/2024:16:39:48 +0800,GET,GET /archives/1725/53/feed/ HTTP/1.1,/archives/1725/53/feed/,HTTP/1.1,301,5,-,"Mozilla/5.0 (Linux; Android 6.0.1; Nexus 5X Build/MMB29P) AppleWebKit/537.36 (KHTML, like Gecko) Chrome/122.0.6261.94 Mobile Safari/537.36 (compatible; Googlebot/2.1; +http://www.google.com/bot.html)"
103.76.249.152,亚洲,印度,印多尔,IN,,,A.b. Infotech,A.b. Infotech,21/Mar/2024:16:39:50 +0800,POST,POST /archives/data***/2023/07/ HTTP/1.1,/archives/data***/2023/07/,HTTP/1.1,200,3220,-,"Mozilla/5.0 (Windows NT 10.0; Win64; x64) AppleWebKit/537.36 (KHTML, like Gecko) Chrome/66.0.3359.117 Safari/537.36"
87.249.43.21,欧洲,俄罗斯,圣彼得堡,RU,,,,TimeWeb Ltd.,21/Mar/2024:16:40:51 +0800,POST,POST /archives/data***/2023/07/ HTTP/1.1,/archives/data***/2023/07/,HTTP/1.1,200,3211,-,"Mozilla/5.0 (Windows NT 6.1) AppleWebKit/537.36 (KHTML, like Gecko) Chrome/63.0.3239.84 Safari/537.36"
223.93.149.179,亚洲,中国,杭州市,CN,,,中国移动,中国移动,21/Mar/2024:16:44:29 +0800,GET,GET /archives/date/2023/12/03/ HTTP/1.1,/archives/date/2023/12/03/,HTTP/1.1,200,23693,https://zzhanzhang.top/archives/date/2023/12/03/#content,"Mozilla/5.0 (Macintosh; Intel Mac OS X 10_15_7) AppleWebKit/537.36 (KHTML, like Gecko) Chrome/114.0.0.0 Safari/537.36"
103.142.69.162,亚洲,孟加拉,达卡,BD,,,MIR INFO SYSTEMS LTD.,MIR INFO SYSTEMS LTD.,21/Mar/2024:16:45:00 +0800,POST,POST /archives/data***/2023/07/ HTTP/1.1,/archives/data***/2023/07/,HTTP/1.1,200,3220,-,"Mozilla/5.0 (Windows NT 6.1) AppleWebKit/537.36 (KHTML, like Gecko) Chrome/70.0.3538.77 Safari/537.36"
164.132.170.4,欧洲,法国,巴黎,FR,,,OVH SAS,OVH SAS,21/Mar/2024:16:45:44 +0800,POST,POST /archives/data***/2023/07/ HTTP/1.1,/archives/data***/2023/07/,HTTP/1.1,200,3220,-,"Mozilla/5.0 (Windows NT 10.0; Win64; x64) AppleWebKit/537.36 (KHTML, like Gecko) Chrome/70.0.3538.67 Safari/537.36"
103.130.215.173,亚洲,越南,河内市,VN,,,Vietnam Online Network Solution Joint Stock Compnay,Vietnam Online Network Solution Joint Stock Compnay,21/Mar/2024:16:48:54 +0800,POST,POST /archives/data***/2023/07/ HTTP/1.1,/archives/data***/2023/07/,HTTP/1.1,200,3220,-,"Mozilla/5.0 (Windows NT 6.1) AppleWebKit/537.36 (KHTML, like Gecko) Chrome/70.0.3538.102 Safari/537.36"
104.192.7.83,北美洲,美国,费城,US,,,IONOS Inc.,IONOS SE,21/Mar/2024:16:48:55 +0800,POST,POST /archives/data***/2023/07/ HTTP/1.1,/archives/data***/2023/07/,HTTP/1.1,200,3220,-,"Mozilla/5.0 (Windows NT 6.3; Win64; x64) AppleWebKit/537.36 (KHTML, like Gecko) Chrome/57.0.2987.133 Safari/537.36"
213.199.49.228,北美洲,加拿大,蒙特利尔,CA,,,Contabo GmbH,Contabo GmbH,21/Mar/2024:16:49:34 +0800,POST,POST /archives/data***/2023/07/ HTTP/1.1,/archives/data***/2023/07/,HTTP/1.1,200,3211,-,"Mozilla/5.0 (Windows NT 10.0; Win64; x64) AppleWebKit/537.36 (KHTML, like Gecko) Chrome/73.0.3683.86 Safari/537.36"
159.89.163.26,亚洲,印度,班加罗尔,IN,,,"DigitalOcean, LLC","DigitalOcean, LLC",21/Mar/2024:16:50:12 +0800,POST,POST /archives/data***/2023/07/ HTTP/1.1,/archives/data***/2023/07/,HTTP/1.1,200,3211,-,"Mozilla/5.0 (Windows NT 6.1; WOW64) AppleWebKit/537.36 (KHTML, like Gecko) Chrome/32.0.1700.107 Safari/537.36"
213.199.49.228,北美洲,加拿大,蒙特利尔,CA,,,Contabo GmbH,Contabo GmbH,21/Mar/2024:16:50:40 +0800,POST,POST /archives/data***/2023/07/ HTTP/1.1,/archives/data***/2023/07/,HTTP/1.1,200,3220,-,"Mozilla/5.0 (Windows NT 10.0; Win64; x64) AppleWebKit/537.36 (KHTML, like Gecko) Chrome/64.0.3282.140 Safari/537.36"
47.111.116.44,亚洲,中国,杭州市,CN,,,阿里云,阿里云,21/Mar/2024:16:51:41 +0800,POST,POST /archives/data***/2023/07/ HTTP/1.1,/archives/data***/2023/07/,HTTP/1.1,200,3220,-,"Mozilla/5.0 (Windows NT 10.0; Win64; x64) AppleWebKit/537.36 (KHTML, like Gecko) Chrome/70.0.3538.67 Safari/537.36"
